{"name":null,"assets":"aoy4:pathy36:assets%2Fimages%2FcardBackground.pngy4:sizei318y4:typey5:IMAGEy2:idR1goR0y35:assets%2Fimages%2FcardHighlight.pngR2i310R3R4R5R6goR0y30:assets%2Fimages%2FcardMask.pngR2i275R3R4R5R7goR0y36:assets%2Fimages%2Fcards%2Fdefend.pngR2i462R3R4R5R8goR0y36:assets%2Fimages%2Fcards%2Fstrike.pngR2i500R3R4R5R9goR0y40:assets%2Fimages%2FcardSelectionArrow.pngR2i236R3R4R5R10goR0y37:assets%2Fimages%2Fenemies%2Fbasic.pngR2i343R3R4R5R11goR0y36:assets%2Fimages%2FenemyBlockIcon.pngR2i264R3R4R5R12goR0y40:assets%2Fimages%2FenemyShieldShimmer.pngR2i486R3R4R5R13goR0y32:assets%2Fimages%2FenergyIcon.pngR2i284R3R4R5R14goR0y38:assets%2Fimages%2Fintents%2Fattack.pngR2i270R3R4R5R15goR0y38:assets%2Fimages%2Fintents%2Fdefend.pngR2i249R3R4R5R16goR0y36:assets%2Fimages%2Fintents%2Fpass.pngR2i177R3R4R5R17goR0y37:assets%2Fimages%2FplayerBlockIcon.pngR2i295R3R4R5R18goR2i5794R3y5:SOUNDy9:classNamey31:__ASSET__flixel_sounds_beep_oggR5y26:flixel%2Fsounds%2Fbeep.ogggoR2i33629R3R19R20y33:__ASSET__flixel_sounds_flixel_oggR5y28:flixel%2Fsounds%2Fflixel.ogggoR2i15744R3y4:FONTR20y35:__ASSET__flixel_fonts_nokiafc22_ttfR5y30:flixel%2Ffonts%2Fnokiafc22.ttfgoR2i29724R3R25R20y36:__ASSET__flixel_fonts_monsterrat_ttfR5y31:flixel%2Ffonts%2Fmonsterrat.ttfgoR2i519R3R4R20y36:__ASSET__flixel_images_ui_button_pngR5y33:flixel%2Fimages%2Fui%2Fbutton.pnggoR2i3280R3R4R20y39:__ASSET__flixel_images_logo_default_pngR5y36:flixel%2Fimages%2Flogo%2Fdefault.pnggh","rootPath":null,"version":2,"libraryArgs":[],"libraryType":null}