{"name":null,"assets":"aoy4:pathy36:assets%2Fimages%2FcardBackground.pngy4:sizei318y4:typey5:IMAGEy2:idR1goR0y35:assets%2Fimages%2FcardHighlight.pngR2i310R3R4R5R6goR0y30:assets%2Fimages%2FcardMask.pngR2i275R3R4R5R7goR0y39:assets%2Fimages%2Fcards%2Fbarricade.pngR2i387R3R4R5R8goR0y35:assets%2Fimages%2Fcards%2Fcurse.pngR2i629R3R4R5R9goR0y36:assets%2Fimages%2Fcards%2Fdefend.pngR2i462R3R4R5R10goR0y35:assets%2Fimages%2Fcards%2Fdodge.pngR2i713R3R4R5R11goR0y34:assets%2Fimages%2Fcards%2Fslam.pngR2i773R3R4R5R12goR0y36:assets%2Fimages%2Fcards%2Fstrike.pngR2i500R3R4R5R13goR0y35:assets%2Fimages%2Fcards%2Fswipe.pngR2i692R3R4R5R14goR0y36:assets%2Fimages%2Fcards%2Fthorns.pngR2i726R3R4R5R15goR0y40:assets%2Fimages%2FcardSelectionArrow.pngR2i236R3R4R5R16goR0y38:assets%2Fimages%2Fenemies%2Fgoblin.pngR2i408R3R4R5R17goR0y46:assets%2Fimages%2Fenemies%2Fmasks%2Fgoblin.pngR2i240R3R4R5R18goR0y44:assets%2Fimages%2Fenemies%2Fmasks%2Fogre.pngR2i211R3R4R5R19goR0y45:assets%2Fimages%2Fenemies%2Fmasks%2Fwitch.pngR2i242R3R4R5R20goR0y46:assets%2Fimages%2Fenemies%2Fmasks%2Fwizard.pngR2i243R3R4R5R21goR0y36:assets%2Fimages%2Fenemies%2Fogre.pngR2i343R3R4R5R22goR0y37:assets%2Fimages%2Fenemies%2Fwitch.pngR2i441R3R4R5R23goR0y38:assets%2Fimages%2Fenemies%2Fwizard.pngR2i411R3R4R5R24goR0y36:assets%2Fimages%2FenemyBlockIcon.pngR2i264R3R4R5R25goR0y40:assets%2Fimages%2FenemyShieldShimmer.pngR2i486R3R4R5R26goR0y32:assets%2Fimages%2FenergyIcon.pngR2i284R3R4R5R27goR0y38:assets%2Fimages%2Fintents%2Fattack.pngR2i283R3R4R5R28goR0y39:assets%2Fimages%2Fintents%2FbuildUp.pngR2i196R3R4R5R29goR0y38:assets%2Fimages%2Fintents%2Fdefend.pngR2i250R3R4R5R30goR0y41:assets%2Fimages%2Fintents%2FdefendAll.pngR2i285R3R4R5R31goR0y44:assets%2Fimages%2Fintents%2FinflictCurse.pngR2i303R3R4R5R32goR0y49:assets%2Fimages%2Fintents%2FinflictVulnerable.pngR2i357R3R4R5R33goR0y36:assets%2Fimages%2Fintents%2Fpass.pngR2i180R3R4R5R34goR0y37:assets%2Fimages%2FplayerBlockIcon.pngR2i295R3R4R5R35goR0y48:assets%2Fimages%2FplayerStatuses%2Fbarricade.pngR2i196R3R4R5R36goR0y45:assets%2Fimages%2FplayerStatuses%2Fthorny.pngR2i226R3R4R5R37goR0y49:assets%2Fimages%2FplayerStatuses%2Fvulnerable.pngR2i255R3R4R5R38goR2i5794R3y5:SOUNDy9:classNamey31:__ASSET__flixel_sounds_beep_oggR5y26:flixel%2Fsounds%2Fbeep.ogggoR2i33629R3R39R40y33:__ASSET__flixel_sounds_flixel_oggR5y28:flixel%2Fsounds%2Fflixel.ogggoR2i15744R3y4:FONTR40y35:__ASSET__flixel_fonts_nokiafc22_ttfR5y30:flixel%2Ffonts%2Fnokiafc22.ttfgoR2i29724R3R45R40y36:__ASSET__flixel_fonts_monsterrat_ttfR5y31:flixel%2Ffonts%2Fmonsterrat.ttfgoR2i519R3R4R40y36:__ASSET__flixel_images_ui_button_pngR5y33:flixel%2Fimages%2Fui%2Fbutton.pnggoR2i3280R3R4R40y39:__ASSET__flixel_images_logo_default_pngR5y36:flixel%2Fimages%2Flogo%2Fdefault.pnggh","rootPath":null,"version":2,"libraryArgs":[],"libraryType":null}